ch # 3769 PRIMARY
CREATE TABLE t0 (
col0 int dimension=1 tile_extent="10",
PRIMARY KEY(col0)
) ENGINE=mytile;
INSERT INTO t0 VALUES (1);
INSERT INTO t0 VALUES (2);
INSERT INTO t0 VALUES (3);
INSERT INTO t0 VALUES (4);
INSERT INTO t0 VALUES (5);
SELECT * FROM t0 WHERE col0 = 0;
col0
SELECT * FROM t0 WHERE col0 = 1;
col0
1
SELECT * FROM t0 WHERE col0 = 2;
col0
2
SELECT * FROM t0 WHERE col0 = 3;
col0
3
SELECT * FROM t0 WHERE col0 = 4;
col0
4
SELECT * FROM t0 WHERE col0 = 5;
col0
5
SELECT * FROM t0 WHERE col0 = 10;
col0
DROP TABLE t0;
ch # 3769 KEY
CREATE TABLE t1 (
col0 int NOT NULL dimension=1 tile_extent="10",
KEY(col0)
) ENGINE=mytile;
INSERT INTO t1 VALUES (1);
INSERT INTO t1 VALUES (1);
INSERT INTO t1 VALUES (2);
INSERT INTO t1 VALUES (2);
INSERT INTO t1 VALUES (2);
INSERT INTO t1 VALUES (3);
SELECT * FROM t1 WHERE col0 = 0;
col0
SELECT * FROM t1 WHERE col0 = 1;
col0
1
1
SELECT * FROM t1 WHERE col0 = 2;
col0
2
2
2
SELECT * FROM t1 WHERE col0 = 3;
col0
3
SELECT * FROM t1 WHERE col0 = 10;
col0
DROP TABLE t1;
ch # 3770 reversed key order
CREATE TABLE t2 (
col0 int dimension=1 tile_extent="10",
col1 int dimension=1 tile_extent="10",
PRIMARY KEY(col1, col0)
) ENGINE=mytile;
INSERT INTO t2 (col0, col1) VALUES (12345, 54321);
SELECT * FROM t2 WHERE col1 = 54321;
col0	col1
12345	54321
SELECT * FROM t2 WHERE col1 = 54321 AND col0 = 12345;
col0	col1
12345	54321
SELECT * FROM t2 WHERE col0 = 12345;
col0	col1
12345	54321
DROP TABLE t2;
ch # 3770 mixed key order
CREATE TABLE t3 (
col0 int dimension=1 tile_extent="10",
col1 int dimension=1 tile_extent="10",
col2 int dimension=1 tile_extent="10",
col3 int dimension=1 tile_extent="10",
col4 int dimension=1 tile_extent="10",
PRIMARY KEY(col3, col4, col2, col0, col1)
) ENGINE=mytile;
INSERT INTO t3 VALUES (0, 1, 2, 3, 4);
INSERT INTO t3 VALUES (5, 6, 7, 8, 9);
SELECT * FROM t3;
col0	col1	col2	col3	col4
0	1	2	3	4
5	6	7	8	9
SELECT * FROM t3 WHERE col3 = 3;
col0	col1	col2	col3	col4
0	1	2	3	4
SELECT * FROM t3 WHERE col3 = 3 AND col4 = 4;
col0	col1	col2	col3	col4
0	1	2	3	4
SELECT * FROM t3 WHERE col3 = 3 AND col4 = 4 AND col2 = 2;
col0	col1	col2	col3	col4
0	1	2	3	4
SELECT * FROM t3 WHERE col3 = 3 AND col4 = 4 AND col2 = 2 AND col0 = 0;
col0	col1	col2	col3	col4
0	1	2	3	4
SELECT * FROM t3 WHERE col3 = 3 AND col4 = 4 AND col2 = 2 AND col0 = 0 AND col1 = 1;
col0	col1	col2	col3	col4
0	1	2	3	4
SELECT * FROM t3 WHERE col0 = 5;
col0	col1	col2	col3	col4
5	6	7	8	9
SELECT * FROM t3 WHERE col0 = 5 AND col1 = 6;
col0	col1	col2	col3	col4
5	6	7	8	9
SELECT * FROM t3 WHERE col0 = 5 AND col1 = 6 AND col2 = 7;
col0	col1	col2	col3	col4
5	6	7	8	9
SELECT * FROM t3 WHERE col0 = 5 AND col1 = 6 AND col2 = 7 AND col3 = 8;
col0	col1	col2	col3	col4
5	6	7	8	9
SELECT * FROM t3 WHERE col0 = 5 AND col1 = 6 AND col2 = 7 AND col3 = 8 AND col4 = 9;
col0	col1	col2	col3	col4
5	6	7	8	9
DROP TABLE t3;
